ID,Title,Description,Views,Likes,Author,Slides,UploadDate,Thumbnail,IframeURL
35407670,Contoh proposal skripsi,"Proposal ini membahas perancangan sistem e-commerce untuk toko buku PT. Gadika Pustaka dengan tujuan memberikan kemudahan bagi pelanggan dan meningkatkan penjualan. Sistem ini akan menyediakan informasi produk, pemesanan, manajemen data buku, dan pembayaran secara online. Metode penelitian menggunakan studi pustaka, wawancara, dan model perancangan waterfall.",314948,27,Firmansyah Drei'und-zwanzig,8,03-Jun-14,https://cdn.slidesharecdn.com/ss_thumbnails/contohproposalskripsi-140602191748-phpapp01-thumbnail.jpg?width=640&height=640&fit=bounds,https://www.slideshare.net/slideshow/embed_code/key/4IAkGMJOB8h6rF
252625130,(RPP) Rencana Aksi 1 - Aisyah Safitri.pdf,"1. Rencana pelaksanaan pembelajaran mata pelajaran Produk Kreatif dan Kewirausahaan untuk kelas XII BDP di SMK Negeri 31 Jakarta dengan topik Media Promosi Pemasaran Online. 
2. Pembelajaran dilakukan dengan model Project Based Learning dimana siswa dibagi kelompok untuk membuat poster promosi secara online menggunakan aplikasi Canva.
3. Kegiatan pembelajaran meliputi perencanaan, pelaksanaan pembuatan poster, presentasi, dan evalu",2580,0,Aisyah Safitri Hayati,20,21-Aug-22,https://cdn.slidesharecdn.com/ss_thumbnails/rpprencanaaksi1-aisyahsafitri-220820175534-54f50001-thumbnail.jpg?width=640&height=640&fit=bounds,https://www.slideshare.net/slideshow/embed_code/key/d7HvuDlaGIvqCN
139672221,Contoh  proposal tesis,"Ringkasan dokumen tersebut adalah Model pembelajaran tematik terpadu dengan pendekatan saintifik melalui pembelajaran berbasis proyek untuk siswa kelas IV SD Alam Bekasi akan dikembangkan dan dievaluasi untuk mengetahui kualitasnya yang mencakup valid, praktis dan efektif. Penelitian ini akan menghasilkan produk berupa buku model, panduan guru, buku kerja siswa, dan dilaksanakan di SD Alam Bekasi.",1651,5,Hosyatul Aliyah,21,05-Apr-19,https://cdn.slidesharecdn.com/ss_thumbnails/seminarproposaltesis-hosyatulaliyah-190405072525-thumbnail.jpg?width=640&height=640&fit=bounds,https://www.slideshare.net/slideshow/embed_code/key/xETyFjft3j2Qwf
270409058,Contoh Proposal Bali Flower Festival.pdf,"Bali Flower Festival yang akan diadakan pada 12-13 Juli 2024 adalah acara tahunan kedua yang bertujuan untuk mendidik masyarakat tentang peran penting industri bunga dalam kehidupan sehari-hari. Festival ini akan memperkenalkan berbagai jenis bunga serta mendukung pertumbuhan komunitas industri bunga yang inklusif melalui bazar, talk show, dan workshop. Misi utama adalah untuk mengurangi kesenjangan antara pemula dan senior serta menginspirasi masyarakat dalam menyusun dan merawat bunga.",31,0,YogiMaheswari,7,22-Jul-24,https://cdn.slidesharecdn.com/ss_thumbnails/proposalbaliflowerfestival-240722134205-ff4e57d7-thumbnail.jpg?width=640&height=640&fit=bounds,https://www.slideshare.net/slideshow/embed_code/key/635cerrDtOwQw
42603557,Contoh presentasi proposal skripsi,"Dokumen ini adalah proposal skripsi yang mengkaji pengaruh pengawasan terhadap kinerja pegawai di perbankan syariah, khususnya Bank Syariah Mandiri cabang Bogor. Penelitian ini bertujuan untuk mengetahui apakah pengawasan mempengaruhi kinerja pegawai, dengan menggunakan data primer dan sekunder serta metode studi lapangan. Kasus-kasus kegagalan pengawasan yang terjadi di bank syariah menunjukkan pentingnya regulasi dan pengawasan yang efektif dalam industri perbankan syariah.",11493,8,Yusuf Darismah,13,11-Dec-14,https://cdn.slidesharecdn.com/ss_thumbnails/contohpresentasiproposalskripsi-141211071008-conversion-gate01-thumbnail.jpg?width=640&height=640&fit=bounds,https://www.slideshare.net/slideshow/embed_code/key/tm8bqvwVAjz1IG
41197676,Contoh proposal smpit_utk_grant_rkb_rpl,Proposal ini meminta bantuan dana pemerintah untuk pembangunan 3 ruang kelas baru dan 2 ruang perlengkapan lainnya di Sekolah Menengah Pertama Islam Terpadu Nama Sekolah. Proposal ini menjelaskan kondisi sekolah yang membutuhkan ruang kelas dan fasilitas tambahan untuk menampung jumlah siswa yang bertambah beserta rincian anggaran yang dibutuhkan.,1783,2,Ahmad Latif,8,06-Nov-14,https://cdn.slidesharecdn.com/ss_thumbnails/contohproposalsmpitutkgrantrkbrpl-141106035436-conversion-gate01-thumbnail.jpg?width=640&height=640&fit=bounds,https://www.slideshare.net/slideshow/embed_code/key/nR3zsW6vFNL2AP
39254354,Contoh proposal penelitian,"Dokumen tersebut merupakan proposal penelitian kualitatif yang membahas latar belakang kebiasaan membaca mahasiswa psikologi UIN Malang. Dokumen menjelaskan bahwa kesempatan membaca mahasiswa banyak, namun perlu diteliti lebih lanjut faktor dan dampak kebiasaan membaca. Tujuan penelitian adalah mengetahui kebiasaan, faktor, dan dampak membaca mahasiswa psikologi UIN Malang untuk meningkatkan perkembangan mereka",5120,5,EDIS BLOG,18,18-Sep-14,https://cdn.slidesharecdn.com/ss_thumbnails/contohproposalpenelitian-140918122043-phpapp01-thumbnail.jpg?width=640&height=640&fit=bounds,https://www.slideshare.net/slideshow/embed_code/key/Fl5Hk6D65ivpjB
49059737,Contoh proposal kegiatan tata boga,"Proposal ini memberikan panduan lengkap untuk membuat kue putri salju, mulai dari daftar bahan dan peralatan yang dibutuhkan, langkah-langkah pembuatan, hingga pembagian tugas dan waktu. Tujuannya agar siswa dapat mempelajari cara membuat kue putri salju secara sistematis beserta penyajiannya.",40569,4,avsai,9,06-Jun-15,https://cdn.slidesharecdn.com/ss_thumbnails/contohproposalkegiatantataboga-150606061054-lva1-app6891-thumbnail.jpg?width=640&height=640&fit=bounds,https://www.slideshare.net/slideshow/embed_code/key/FPZf53JIV7zFQE
95888816,Contoh proposal kegiatan pmr,"Proposal ini merinci rencana pelaksanaan pelatihan dasar untuk calon anggota Palang Merah Remaja di SMA Negeri 1 Karanganyar pada akhir September 2012. Pelatihan ini bertujuan melatih keterampilan para calon anggota dalam menangani korban bencana serta meresmikan keanggotaan mereka. Kegiatan mencakup pemberian materi, simulasi praktis, dan permainan.",55227,22,Risou Kun,6,04-May-18,https://cdn.slidesharecdn.com/ss_thumbnails/contohproposalkegiatanpmr-180504003633-thumbnail.jpg?width=640&height=640&fit=bounds,https://www.slideshare.net/slideshow/embed_code/key/qHMw5LBMrHr0Lf
43765877,Contoh proposal-kegiatan,"Proposal untuk mengadakan kegiatan perkemahan dua hari bagi pramuka penggalang tingkat Ramu, Rakit, dan Terap untuk meningkatkan mutu pendidikan kepramukaan dan melatih keterampilan mereka. Kegiatan tersebut akan diikuti sekitar 50 peserta dan mencakup berbagai materi dan lomba pramuka.",62282,11,Andre Data,24,22-Jan-15,https://cdn.slidesharecdn.com/ss_thumbnails/contoh-proposal-kegiatan-150121215146-conversion-gate02-thumbnail.jpg?width=640&height=640&fit=bounds,https://www.slideshare.net/slideshow/embed_code/key/1VYmhw3j0U36Zp
270506705,SEMINAR PROPOSAL SKRIPSI CONTOH  BERIKUT,Penelitian ini mengeksplorasi pengaruh media pembelajaran berbasis video 360 derajat terhadap hasil belajar siswa kelas XI di SMK Negeri 14 Medan dalam mata pelajaran konstruksi jalan dan jembatan. Identifikasi masalah mencakup kurangnya penggunaan teknologi oleh guru dan ketidaktersediaan media pembelajaran 360 derajat. Tujuan penelitian adalah untuk menilai efektivitas media ini dan manfaatnya bagi siswa dan pendidik.,12,0,FajriFebriansyah,11,25-Jul-24,https://cdn.slidesharecdn.com/ss_thumbnails/sempro-240725162608-3ab60d89-thumbnail.jpg?width=640&height=640&fit=bounds,https://www.slideshare.net/slideshow/embed_code/key/wJQB3xRknPfUW9
71234833,Contoh Proposal,"Proposal ini menguraikan pelaksanaan workshop dan musyawarah kerja tahunan di MTs NU Ungaran untuk tahun pelajaran 2014/2015, bertujuan untuk mempersiapkan guru dalam penerapan kurikulum 2013. Kegiatan ini akan berlangsung pada tanggal 1 dan 2 Juli 2014, dengan melibatkan guru dan karyawan sebagai peserta. Selain itu, rincian anggaran dan susunan acara juga disertakan dalam proposal ini.",1831,,retno warniati,8,21-Jan-17,https://cdn.slidesharecdn.com/ss_thumbnails/proposal2014-170121004738-thumbnail.jpg?width=640&height=640&fit=bounds,https://www.slideshare.net/slideshow/embed_code/key/HYnMY0nWD416Gu
33648894,Contoh proposal pengajuan skripsi,Dokumen tersebut membahas peranan guru Pendidikan Agama Islam dalam membentuk karakter siswa di Madrasah Aliyah Miftahussalam Megang Sakti III. Dokumen menjelaskan latar belakang pentingnya pendidikan agama Islam dalam membentuk akhlak remaja. Guru PAI memiliki peran penting sebagai teladan dan memiliki tanggung jawab untuk membimbing siswa secara teratur agar siswa dapat memiliki akhlak yang baik. Dokumen jug,38336,7,imammuttaqin58,23,17-Apr-14,https://cdn.slidesharecdn.com/ss_thumbnails/contohproposalpengajuanskripsi-140417100904-phpapp02-thumbnail.jpg?width=640&height=640&fit=bounds,https://www.slideshare.net/slideshow/embed_code/key/enQbSaS1jc57Ac
181908406,Contoh Proposal Pengadaan Meubelair Sekolah,"PT Pilar Mas Jaya mengajukan proposal untuk penyediaan meubelair sekolah guna meningkatkan mutu pendidikan dan kualitas lulusan yang relevan dengan kebutuhan dunia kerja. Proposal ini bertujuan untuk menyediakan sarana belajar yang memadai, menciptakan proses pembelajaran yang kondusif, dan meningkatkan administrasi pendidikan. Diharapkan proposal ini mendapat persetujuan untuk membantu pelaksanaan pembelajaran secara efektif.",500,0,AmandaYella,10,14-Oct-19,https://cdn.slidesharecdn.com/ss_thumbnails/6-191014084317-thumbnail.jpg?width=640&height=640&fit=bounds,https://www.slideshare.net/slideshow/embed_code/key/4AKdVSce1oJ1Lq
181907683,Contoh Proposal Bantuan Mebeler Sekolah,"PT. Pilar Mas Jaya mengajukan proposal kepada Dinas Pendidikan untuk bantuan pengadaan mebeler sekolah guna meningkatkan mutu pendidikan dan proses pembelajaran. Proposal ini mencantumkan tujuan untuk menyediakan sarana belajar yang memadai, menciptakan suasana belajar yang nyaman, serta memenuhi standar pendidikan nasional. Diharapkan bantuan ini dapat membantu mewujudkan lulusan yang berkualitas dan siap untuk menghadapi tuntutan dunia kerja.",948,0,AmandaYella,10,14-Oct-19,https://cdn.slidesharecdn.com/ss_thumbnails/3-191014084108-thumbnail.jpg?width=640&height=640&fit=bounds,https://www.slideshare.net/slideshow/embed_code/key/j9aRC16VFUyTSR
86123473,Contoh Proposal Koperasi Abadi Jaya,"Proposal Koperasi Abadi Jaya Universitas Gunadarma disusun oleh mahasiswa kelas 2EB15 dengan tujuan untuk meningkatkan kesejahteraan anggota melalui koperasi simpan pinjam. Koperasi ini berlandaskan asas kekeluargaan dan bertujuan mencegah anggota terjebak dalam pinjaman dengan bunga tinggi, serta melatih anggota dalam pengelolaan keuangan. Diharapkan koperasi ini dapat berkontribusi pada pertumbuhan ekonomi masyarakat dan menjadi sumber daya ekonomi yang mandiri.",201,,adindala12,11,14-Jan-18,https://cdn.slidesharecdn.com/ss_thumbnails/proposalkoperasi2eb151-180114051252-thumbnail.jpg?width=640&height=640&fit=bounds,https://www.slideshare.net/slideshow/embed_code/key/xUQyMFWdIzf4EE
181908148,Contoh Proposal Pengadaan Meubeler Sekolah,"PT. Pilar Mas Jaya mengajukan proposal pengadaan meubeler sekolah untuk meningkatkan mutu pendidikan dan proses pembelajaran di Sidoarjo. Proposal ini bertujuan untuk memastikan ketersediaan fasilitas belajar yang memadai bagi siswa dan guru, guna mendukung pencapaian standar pendidikan yang ditetapkan. Diharapkan, dengan dukungan dari semua pihak, proses pembelajaran dapat berjalan efektif dan efisien.",3539,,AmandaYella,10,14-Oct-19,https://cdn.slidesharecdn.com/ss_thumbnails/5-191014084230-thumbnail.jpg?width=640&height=640&fit=bounds,https://www.slideshare.net/slideshow/embed_code/key/pctmAU7X7H0EtS
34112187,Contoh Proposal Usaha atau Rencana Bisnis,"Dokumen ini adalah rencana bisnis yang mencakup berbagai aspek penting seperti profil perusahaan, analisis pasar, rencana produksi, sumber daya manusia, serta analisis keuangan. Semua elemen ini disusun untuk memberikan gambaran mengenai prospek pengembangan perusahaan dan kebutuhan investasi. Rencana ini juga mencakup strategi pemasaran dan manajemen risiko yang relevan untuk mencapai tujuan bisnis.",518608,241,Samuel Henry,34,30-Apr-14,https://cdn.slidesharecdn.com/ss_thumbnails/contoh-proposal-business-plan-140430003624-phpapp01-thumbnail.jpg?width=640&height=640&fit=bounds,https://www.slideshare.net/slideshow/embed_code/key/HLx6upiL7RcOKq
35079243,contoh proposal,"Acara musik bertajuk ""The Soul of Purification"" akan diselenggarakan pada 10 Mei 2011 di Jogja National Museum. Acara ini akan menampilkan band lokal dan band dari Australia, dengan harapan dapat mempromosikan budaya musik dan pertukaran budaya antarnegara. Acara ini diselenggarakan oleh Voltus Production dan mencari sponsor untuk mendanai acara seharga Rp9,7 juta.",4098,,infoobatpelangsing.com,11,24-May-14,https://cdn.slidesharecdn.com/ss_thumbnails/tsop-proposal-140524115102-phpapp02-thumbnail.jpg?width=640&height=640&fit=bounds,https://www.slideshare.net/slideshow/embed_code/key/1o0qmDPgjk6pu2
252013112,contoh proposal penambahan kelas baru1.pdf,"PKBM Wahana Lestari mengajukan proposal bantuan pembangunan ruang kelas baru kepada Gubernur Banten untuk meningkatkan akses pendidikan non-formal. Proposal ini menjelaskan latar belakang, tujuan, rencana penggunaan dana, dan detail biaya pembangunan gedung yang dibutuhkan untuk mendukung program pendidikan di masyarakat. Dengan adanya fasilitas ini, diharapkan dapat lebih memperkuat kualitas sumber daya manusia di Kecamatan Mancak.",223,0,GriyaSyifaHolistik,38,18-Jun-22,https://cdn.slidesharecdn.com/ss_thumbnails/contohproposalpenambahankelasbaru1-220618160718-6448090c-thumbnail.jpg?width=640&height=640&fit=bounds,https://www.slideshare.net/slideshow/embed_code/key/cgBDqzVvBfFL4Y
153578927,2019 contoh proposal usaha untuk pinjaman modal,"Dokumen ini adalah rencana bisnis untuk North Fashion & Design yang didirikan oleh Basyar Al Addar, mencakup analisis pasar, strategi pemasaran, dan proyeksi keuangan. Target penjualan tahunan sebesar 10 juta dengan kebutuhan dana 5 juta untuk ekspansi usaha. Perusahaan berencana mengembangkan cabang di luar negeri dan meningkatkan kapasitas produksi serta sumber daya manusia.",1971,6,BasyarAlAddar1,36,04-Jul-19,https://cdn.slidesharecdn.com/ss_thumbnails/2019contohproposalusaha-190704162823-thumbnail.jpg?width=640&height=640&fit=bounds,https://www.slideshare.net/slideshow/embed_code/key/2wOa8VAdMuQxEv
27088904,Contoh Power Point Membuat Proposal,"Proposal ini mengusulkan pendidikan dan pelatihan ekstrakurikuler untuk remaja masjid di SMA Negeri 3 Jombang guna meningkatkan iman dan kemampuan siswa dalam bidang agama Islam. Kegiatan akan diadakan pada tanggal 22-23 September 2012 dengan berbagai materi dan pembicara, melibatkan siswa dan alumni. Anggaran dana total sebesar Rp 945.500 akan digunakan untuk biaya konsumsi dan insentif pemateri.",106981,17,Neli Narulita,10,11-Oct-13,https://cdn.slidesharecdn.com/ss_thumbnails/proposalppt-131011022227-phpapp01-thumbnail.jpg?width=640&height=640&fit=bounds,https://www.slideshare.net/slideshow/embed_code/key/A3BOvMrYuoGZzl
150527673,Contoh proposal,Panitia mempersiapkan acara peringatan HUT ke-73 Republik Indonesia pada 28 Agustus 2018 di Desa Kebonagung. Acara terdiri dari jalan santai pagi dan pentas seni malam. Panitia meminta bantuan dana untuk menunjang kegiatan.,406,0,kikianggapuspita,7,19-Jun-19,https://cdn.slidesharecdn.com/ss_thumbnails/contohproposal-190619042543-thumbnail.jpg?width=640&height=640&fit=bounds,https://www.slideshare.net/slideshow/embed_code/key/mNtfdPa5G40M3o
28560034,Contoh Proposal Seminar 'Bedah Animasi',"1. Dosen STISI TELKOM meminta bantuan keuangan untuk menyelenggarakan acara Bedah Animasi sebagai Ujian Akhir Semester mata kuliah Animasi dan Multimedia.
2. Acara akan berisi presentasi, demo animasi, talkshow dengan narasumber industri, dan pameran. Bertujuan memotivasi mahasiswa, menjalin hubungan dengan industri, mempromosikan kampus.
3. Kebutuhan anggaran Rp1 juta untuk honor pembicara, transport, s",4155,3,Hendi Hendratman,3,23-Nov-13,https://cdn.slidesharecdn.com/ss_thumbnails/proposalbedahanimasi-131123153909-phpapp01-thumbnail.jpg?width=640&height=640&fit=bounds,https://www.slideshare.net/slideshow/embed_code/key/5UoiiXXoEMGbf5
73567398,Contoh Tanda terima proposal,"Dokumen ini merupakan tanda terima penerimaan proposal dari panitia pelaksana acara 'seminar remaja kalteng 2017' yang ditandatangani oleh pihak penerima. Tanda terima mencakup informasi tentang nama, nama perusahaan/instansi, jabatan, dan tanggal penerimaan proposal. Dokumen ini diulang beberapa kali dengan format yang sama.",4601,2,Fazri Dejavu,2,24-Mar-17,https://cdn.slidesharecdn.com/ss_thumbnails/tandaterimaproposal-170324012025-thumbnail.jpg?width=640&height=640&fit=bounds,https://www.slideshare.net/slideshow/embed_code/key/vKTNfy1I2tP1LZ
42376918,Contoh proposal skripsi,"Dokumen ini mengkaji pengaruh pengawasan terhadap kinerja pegawai di bank syariah, khususnya di Bank Syariah Mandiri cabang Bogor. Penelitian ini mengidentifikasi pentingnya pengawasan internal dan dewan pengawas syariah dalam memastikan kepatuhan terhadap prinsip syariah untuk mencegah risiko reputasi dan menjaga integritas bank. Dengan adanya kasus penyimpangan yang terjadi, penelitian ini bertujuan untuk memahami seberapa besar pengaruh pengawasan terhadap kinerja pegawai di perbankan syariah.",42167,29,Yusuf Darismah,23,05-Dec-14,https://cdn.slidesharecdn.com/ss_thumbnails/contohproposalskripsi-141204210839-conversion-gate02-thumbnail.jpg?width=640&height=640&fit=bounds,https://www.slideshare.net/slideshow/embed_code/key/NIqqk7jN49AOIP
271402347,contoh-proposal-sponsorship-event-konser-musik.docx,"Dokumen ini adalah proposal acara 'Djarum Black on Stage' yang bertujuan untuk meningkatkan kesadaran masyarakat terhadap produk Djarum Black sambil memberikan hiburan menarik. Acara ini akan menampilkan penampilan lokal, permainan, dan booth penjualan di beberapa lokasi di daerah Yogyakarta. Jadwal acara dan rincian teknis terkait sound system serta fasilitas yang disediakan juga disertakan.",56,0,FerdiHartoko1,12,29-Aug-24,https://cdn.slidesharecdn.com/ss_thumbnails/contoh-proposal-sponsorship-event-konser-musik-240829040046-44f05e7b-thumbnail.jpg?width=640&height=640&fit=bounds,https://www.slideshare.net/slideshow/embed_code/key/1EAcSps69bJyV7
250996704,Contoh format proposal pendirian sekolah inklusi,"Dokumen ini adalah proposal pendirian sekolah inklusi yang mencakup latar belakang, tujuan, dan manfaat pendirian sekolah. Juga dijelaskan profil sekolah, identitas, sumber daya, sarana dan prasarana, serta kebutuhan dana. Proposal ini disusun untuk memenuhi tugas akhir dalam mata kuliah pendidikan inklusi.",344,0,Alorka 114114,2,14-Jan-22,https://cdn.slidesharecdn.com/ss_thumbnails/contohformatproposalpendiriansekolahinklusi-220114154144-thumbnail.jpg?width=640&height=640&fit=bounds,https://www.slideshare.net/slideshow/embed_code/key/7wCCnNsAsHDVZC
250607870,Contoh proposal sponsorship,"1. Dokumen tersebut merupakan proposal untuk menyelenggarakan kegiatan Pena Pemuda Indonesia ke-8 yang berupa lomba karya tulis ilmiah dan seminar nasional dengan tujuan untuk mengoptimalisasi peran generasi muda dalam menghadapi tantangan bangsa di era new normal.
2. Proposal ini mencakup latar belakang, tujuan, bentuk kegiatan, jadwal, anggaran, dan penawaran sponsorship untuk mendapatkan dukungan dana penyelenggaraan kegiatan",193,0,ssuserb8b380,10,08-Nov-21,https://cdn.slidesharecdn.com/ss_thumbnails/contohproposalsponsorship-211108073040-thumbnail.jpg?width=640&height=640&fit=bounds,https://www.slideshare.net/slideshow/embed_code/key/MYmV49pmhZu9gd
46758162,Contoh Proposal Skripsii,"Proposal skripsi ini membahas kreativitas guru pendidikan agama Islam dalam meningkatkan kualitas pembelajaran siswa kelas VII di SMP Al Hikmah Kawunganten. Penelitian ini bertujuan untuk memahami kreativitas guru, kualitas pembelajaran agama Islam, dan upaya meningkatkan kualitas pembelajaran. Penelitian kualitatif ini diharapkan bermanfaat untuk meningkatkan pembelajaran agama Islam.",14090,8,Maz Aziezt,64,08-Apr-15,https://cdn.slidesharecdn.com/ss_thumbnails/proposalpdf-150408024110-conversion-gate01-thumbnail.jpg?width=640&height=640&fit=bounds,https://www.slideshare.net/slideshow/embed_code/key/F5JPETHyiYD2zX
15439240,Contoh Proposal Seminar Open Source,"Proposal kegiatan seminar nasional tentang teknologi open source yang bertujuan meningkatkan pengetahuan tentang open source, mengajak penggunaan perangkat lunak legal dan gratis, serta memperkenalkan sistem operasi Linux ke masyarakat. Kegiatan ini akan diselenggarakan pada 12 Januari 2013 di Universitas Mercu Buana Yogyakarta dengan materi pengenalan sistem operasi, manfaat, dan aplikasi open source.",31805,4,Aditya NewbieCoder,8,01-Dec-12,https://cdn.slidesharecdn.com/ss_thumbnails/edsfsdfsdf-121201041053-phpapp01-thumbnail.jpg?width=640&height=640&fit=bounds,https://www.slideshare.net/slideshow/embed_code/key/v1uL3xECTb97az
58684624,Contoh proposal-bantuan-pendidikan,"Proposal ini meminta dana bantuan untuk penyelenggaraan program pendidikan anak usia dini di SPS Al-Kautsar. SPS ini membutuhkan dana untuk pengadaan sarana prasarana pendidikan, peningkatan mutu pendidik melalui pelatihan, dan insentif tenaga pengajar. Kegiatan ini bertujuan membantu perkembangan anak di kampung Selakopi.",3966,3,Ahmad Bakri,8,25-Feb-16,https://cdn.slidesharecdn.com/ss_thumbnails/contoh-proposal-bantuan-pendidikan-160224230435-thumbnail.jpg?width=640&height=640&fit=bounds,https://www.slideshare.net/slideshow/embed_code/key/gK9216S4v6ODjr
31601090,Contoh proposal pkm yang didanai dikti,"Program kreativitas mahasiswa ini bertujuan mengembangkan kampung susu di desa Cikahuripan melalui pengolahan susu sapi sebagai usaha mandiri oleh karang taruna. Dengan memberikan pelatihan kepada pemuda dan memahami potensi pengolahan susu, program ini diharapkan dapat meningkatkan ekonomi masyarakat dan mengurangi pengangguran. Anggaran yang diusulkan untuk program ini mencapai Rp 9.500.000 dan dilaksanakan dalam waktu empat bulan.",61440,25,PT. Likers Fice.com,60,25-Feb-14,https://cdn.slidesharecdn.com/ss_thumbnails/contohproposalpkmyangdidanaidikti-140224212342-phpapp02-thumbnail.jpg?width=640&height=640&fit=bounds,https://www.slideshare.net/slideshow/embed_code/key/xcRpnyjLt2cYHJ
49367598,Contoh proposal kkn,"Proposal KKN alternatif ini bertujuan untuk memberdayakan masyarakat di Kelurahan Sukorejo, Kecamatan Gunungpati, melalui berbagai program seperti Griya Cekatan yang mencakup aspek pendidikan, ekonomi, dan kesehatan. Kegiatan yang diusulkan termasuk pelatihan untuk meningkatkan keterampilan masyarakat dalam berbagai bidang serta upaya untuk meningkatkan kesadaran hidup sehat dan pengelolaan sampah. Melalui program ini, diharapkan dapat meningkatkan kualitas sumber daya manusia dan kemandirian ekonomi masyarakat setempat.",8971,3,Zaenal Abidin,39,14-Jun-15,https://cdn.slidesharecdn.com/ss_thumbnails/contohproposalkkn-150614110116-lva1-app6891-thumbnail.jpg?width=640&height=640&fit=bounds,https://www.slideshare.net/slideshow/embed_code/key/lYof3Aj3b0Qu6c
47850301,Contoh proposal pertandingan porgur,"Dokumen ini berisi proposal untuk mengikuti Pekan Olahraga Guru Kecamatan Majalaya 2014 yang akan diselenggarakan pada 10-23 November 2014. Proposal ini mencakup latar belakang, tujuan, jadwal, sarana yang dibutuhkan, struktur organisasi, daftar pemain untuk berbagai cabang olahraga, dan anggaran kebutuhan. Cabang olahraga yang diikuti antara lain bola voli, futsal, bulutangkis, tenis meja,",2926,3,Abest Botax,6,07-May-15,https://cdn.slidesharecdn.com/ss_thumbnails/contohproposalpertandinganporgur-150507063318-lva1-app6892-thumbnail.jpg?width=640&height=640&fit=bounds,https://www.slideshare.net/slideshow/embed_code/key/sOtHjnDGoZGn6g
259587796,contoh ppt seminar proposal 3.pptx,Dokumen ini membahas tantangan siswa dalam menguasai pemahaman membaca terkait dengan gaya belajar siswa dan pentingnya membina hubungan persahabatan di kalangan remaja. Ditekankan penggunaan metode experiential learning untuk meningkatkan keterampilan sosial siswa melalui model pembelajaran 'moment class'. Penelitian dan pengembangan akan menghasilkan panduan yang tervalidasi untuk mendukung siswa dalam membangun hubungan yang sehat dan bermanfaat.,60,0,SDN006SorekDua,17,03-Aug-23,https://cdn.slidesharecdn.com/ss_thumbnails/contohpptseminarproposal3-230803050154-cc27c855-thumbnail.jpg?width=640&height=640&fit=bounds,https://www.slideshare.net/slideshow/embed_code/key/fDdMrswBnxDLxH
97314325,contoh proposal skripsi,"Proposal penelitian ini membandingkan pengukuran debit air menggunakan current meter dan prototype flowmeter digital, dengan tujuan untuk membantu perancangan bangunan pengendalian banjir berdasarkan data debit puncak dan minimum. Penelitian ini diharapkan memberikan informasi akurat tentang debit air yang penting untuk pengelolaan sumber daya air. Metode yang digunakan mencakup area-velocity method dan berbagai teknik pengukuran lainnya.",1610,2,Rizky Junanda,16,17-May-18,https://cdn.slidesharecdn.com/ss_thumbnails/tugasmetilrizkyjunanda-180516173802-thumbnail.jpg?width=640&height=640&fit=bounds,https://www.slideshare.net/slideshow/embed_code/key/CnKzlOkoKzO1Wd
17051250,Contoh proposal penelitian hub,"Dokumen ini membahas hubungan antara dukungan psikologis dan sosial suami terhadap kunjungan antenatal care di Kendari, Sulawesi Tenggara, yang bertujuan untuk menurunkan angka kematian ibu yang masih tinggi. Meskipun telah dilakukan berbagai upaya untuk meningkatkan kesehatan ibu, angka kematian ibu di Indonesia tetap lebih tinggi dibandingkan negara-negara Asia Tenggara lainnya. Penelitian ini diharapkan dapat memberikan masukan bagi peningkatan pelayanan antenatal care untuk menurunkan angka kematian ibu.",29609,6,barondna09,23,09-Mar-13,https://cdn.slidesharecdn.com/ss_thumbnails/contohproposalpenelitianhub-130308223028-phpapp01-thumbnail.jpg?width=640&height=640&fit=bounds,https://www.slideshare.net/slideshow/embed_code/key/Gkp3yqWB6ezHbO
258326105,Contoh Proposal Kegiatan CV Liong.pdf,"Dokumen tersebut merupakan proposal kegiatan teknis pertambangan CV Liong Cimangkok yang meliputi latar belakang, tujuan, landasan hukum, ruang lingkup, dan sistematika pembahasan rencana kegiatan pertambangan pasir dan batu di Kabupaten Sukabumi.""",780,0,DiahIr1,33,09-Jun-23,https://cdn.slidesharecdn.com/ss_thumbnails/proposalkegiatancvliong-230609074116-c7efd53f-thumbnail.jpg?width=640&height=640&fit=bounds,https://www.slideshare.net/slideshow/embed_code/key/5CsWvaMM1AoG2L
181909058,Contoh Proposal Bantuan Meubelair Sekolah,PT Pilar Mas Jaya mengajukan proposal bantuan meubelair sekolah untuk mendukung proses pembelajaran yang efektif. Proposal ini bertujuan untuk meningkatkan mutu pendidikan siswa dengan menyediakan sarana belajar yang memadai sesuai standar nasional pendidikan. Bantuan ini diharapkan dapat meningkatkan kualitas lulusan sekolah.,1677,0,AmandaYella,10,14-Oct-19,https://cdn.slidesharecdn.com/ss_thumbnails/91-191014084524-thumbnail.jpg?width=640&height=640&fit=bounds,https://www.slideshare.net/slideshow/embed_code/key/yuBVcrNPtVVkkT
181906350,Contoh Proposal Mebeler Sekolah,"Proposal ini meminta bantuan untuk pengadaan peralatan mobiler seperti meja, kursi, dan papan tulis untuk mendukung proses pembelajaran di sekolah-sekolah. Pengadaan peralatan ini dimaksudkan untuk meningkatkan mutu pendidikan dan lulusan sekolah sesuai standar kompetensi yang dibutuhkan. Proposal ini berharap mendapat persetujuan bantuan agar proses pembelajaran dapat berjalan dengan baik dan tujuan pendidikan d",242,0,AmandaYella,10,14-Oct-19,https://cdn.slidesharecdn.com/ss_thumbnails/1-191014083729-thumbnail.jpg?width=640&height=640&fit=bounds,https://www.slideshare.net/slideshow/embed_code/key/3yHLDnZoVGlbkw
181908634,Contoh Proposal Pengajuan Meubelair Sekolah,"PT Pilar Mas Jaya mengajukan proposal penyediaan meubelair sekolah kepada Dinas Pendidikan untuk mendukung proses pembelajaran yang efektif. Penyediaan meubelair diharapkan dapat meningkatkan mutu pendidikan siswa dengan sarana belajar yang memadai sesuai standar. Proposal ini mencakup latar belakang pentingnya sarana pendukung pembelajaran, tujuan penyediaan meja dan kursi untuk siswa dan guru, serta har",7991,2,AmandaYella,10,14-Oct-19,https://cdn.slidesharecdn.com/ss_thumbnails/7-191014084402-thumbnail.jpg?width=640&height=640&fit=bounds,https://www.slideshare.net/slideshow/embed_code/key/Kos7ppWag2sP5w
272416222,contoh PROPOSAL rencana bisnis [xx].pptx,"Proposal business plan 2020-2024 PDAM Kabupaten Wonosobo bertujuan untuk mengelola penyediaan air bersih yang memenuhi standar kesehatan, serta meningkatkan kinerja operasional dan keuangan perusahaan. Business plan diharapkan menjadi acuan terarah dan berkesinambungan dalam pengelolaan perusahaan selama lima tahun mendatang, dengan fokus pada pemeliharaan, penggantian meter air, dan optimalisasi kapasitas produksi. Selain itu, dokumen ini juga mencakup evaluasi kondisi saat ini, strategi, dan anggaran serta proyeksi keuangan untuk mencapai sasaran yang ditetapkan.",47,,sitiariyati1,12,15-Oct-24,https://cdn.slidesharecdn.com/ss_thumbnails/pptproposalxx-241015012427-75fdf330-thumbnail.jpg?width=640&height=640&fit=bounds,https://www.slideshare.net/slideshow/embed_code/key/Fn2s75ahhgXHCF
69119812,Contoh proposal pli,"Proposal ini menjelaskan rencana Praktek Lapangan Industri (PLI) dua mahasiswa Teknik Pertambangan di PT Semen Padang selama satu bulan. Tujuan PLI adalah memperoleh pengalaman praktis di lapangan dan mengaplikasikan ilmu yang dipelajari. Mahasiswa akan mengikuti berbagai aktivitas di tambang seperti eksplorasi, penambangan, pengolahan, dan reklamasi. Fokus penelitian adalah teknik peledakan.",3792,3,Arief TheStronger,25,17-Nov-16,https://cdn.slidesharecdn.com/ss_thumbnails/contohproposalpli-161116222125-thumbnail.jpg?width=640&height=640&fit=bounds,https://www.slideshare.net/slideshow/embed_code/key/xUnqBMXritXqmY
18575898,Contoh proposal-usaha-taman-rekreasi,Contoh proposal-usaha-taman-rekreasi,9981,4,Mamah Mizan Mizan,1,11-Apr-13,https://cdn.slidesharecdn.com/ss_thumbnails/contoh-proposal-usaha-taman-rekreasi-130410184416-phpapp01-thumbnail.jpg?width=640&height=640&fit=bounds,https://www.slideshare.net/slideshow/embed_code/key/3WKpfmpPmmglrm
48806995,Contoh Proposal penyelenggaraan Isra & Mi'raj,Isra Mi'raj merupakan peristiwa penting dalam Islam yang memperingati perjalanan Nabi Muhammad SAW dari Masjidil Haram ke Baitul Maqdis dan kemudian naik ke langit. Proposal ini membahas rencana pelaksanaan peringatan Hari Isra Mi'raj di SMK Negeri 1 Jakarta yang bertujuan untuk meningkatkan iman serta mendekatkan siswa dengan ajaran Islam.,46504,6,Ari Setiawan,9,31-May-15,https://cdn.slidesharecdn.com/ss_thumbnails/proposal1-150531131837-lva1-app6892-thumbnail.jpg?width=640&height=640&fit=bounds,https://www.slideshare.net/slideshow/embed_code/key/eaF82wbWqkuDTj
139672221,Contoh  proposal tesis,"Ringkasan dokumen tersebut adalah
Model pembelajaran tematik terpadu dengan pendekatan saintifik melalui pembelajaran berbasis proyek untuk siswa kelas IV SD Alam Bekasi akan dikembangkan dan dievaluasi untuk mengetahui kualitasnya yang mencakup valid, praktis dan efektif. Penelitian ini akan menghasilkan produk berupa buku model, panduan guru, buku kerja siswa, dan dilaksanakan di SD Alam Bekasi.",1651,5,Hosyatul Aliyah,21,05-Apr-19,https://cdn.slidesharecdn.com/ss_thumbnails/seminarproposaltesis-hosyatulaliyah-190405072525-thumbnail.jpg?width=640&height=640&fit=bounds,https://www.slideshare.net/slideshow/embed_code/key/xETyFjft3j2Qwf
78227617,contoh proposal penawaran lahan,"Proposal ini menawarkan lahan seluas 6.400 m2 untuk pengembangan properti komersial dan residensial di BSD City. Lahan berstatus SHM, berlokasi dekat jalan tol dan stasiun KA, serta dikelilingi perumahan dan fasilitas. Penggunaan terbaik lahan adalah untuk apartemen, hotel, atau rumah sakit berdasarkan karakteristiknya. Simulasi pengembangan menjadi apartemen memperkirakan membangun 1.541 unit dengan nil",13847,10,bobnavaro34,8,25-Jul-17,https://cdn.slidesharecdn.com/ss_thumbnails/198409-9198-904891-pdf-1-170725092207-thumbnail.jpg?width=640&height=640&fit=bounds,https://www.slideshare.net/slideshow/embed_code/key/d4GBAMuOfZprne
144071700,Contoh Proposal,Penelitian ini bertujuan untuk menganalisis pengaruh pendekatan kooperatif tipe STAD dan gaya berpikir siswa terhadap prestasi belajar matematika di SD N 1 Trienggadeng. Fokusnya adalah pada perbandingan prestasi antara siswa yang diajar dengan metode STAD dan NHT serta interaksi antara metode pengajaran dan gaya berpikir siswa. Hasil diharapkan memberikan manfaat bagi guru dan siswa dalam meningkatkan strategi pembelajaran matematika.,78,0,T. Astari,14,07-May-19,https://cdn.slidesharecdn.com/ss_thumbnails/pptproposal-190507050118-thumbnail.jpg?width=640&height=640&fit=bounds,https://www.slideshare.net/slideshow/embed_code/key/2u1zsDjUdDWrFa
73565096,Contoh proposal ijin paud,"Proposal ini meminta izin untuk mendirikan kelompok bermain/PAUD bernama Riyadlotul Uqul di Desa Puton, Kecamatan Diwek, Kabupaten Jombang. Proposal ini berisi identitas yayasan dan lembaga pendidikan, daftar tenaga pendidik, kondisi sarana dan prasarana, serta lampiran dokumen pendukung seperti akte pendirian yayasan, surat rekomendasi, dan KTP ketua yayasan.",4502,2,Riez Candra,10,24-Mar-17,https://cdn.slidesharecdn.com/ss_thumbnails/contohproposalijinpaud-170323230128-thumbnail.jpg?width=640&height=640&fit=bounds,https://www.slideshare.net/slideshow/embed_code/key/3Pz12JB1WoKfzq
16504765,Contoh Proposal Bulan Bahasa,"Proposal kegiatan Bulan Bahasa 2011 di SMA Negeri 1 Wonosobo bertujuan untuk meningkatkan kualitas bahasa dan sastra Indonesia di kalangan siswa, dengan tema 'Pembentukan Karakter Bangsa melalui Peningkatan Kualitas Bahasa dan Sastra Indonesia'. Kegiatan yang dijadwalkan pada 27 Oktober 2011 mencakup berbagai lomba dan acara seni, serta melibatkan seluruh siswa sebagai peserta. Anggaran biaya telah disusun dengan total pemasukan dan pengeluaran sebesar Rp 2.600.000.",90348,15,Deewani P Sumbadra,7,13-Feb-13,https://cdn.slidesharecdn.com/ss_thumbnails/proposalbulanbahasa-130213064535-phpapp01-thumbnail.jpg?width=640&height=640&fit=bounds,https://www.slideshare.net/slideshow/embed_code/key/ipA3GhnEpN8EEz
265198600,Contoh Proposal Bisnis Plan Makanan.docx,Proposal bisnis ini mengusulkan usaha makanan nasi goreng spesial yang menawarkan berbagai topping dan saus untuk menarik pelanggan. Target pasar mencakup masyarakat kelas menengah ke bawah dengan proyeksi pendapatan dan biaya yang terperinci untuk tiga tahun ke depan. Usaha ini mencari modal Rp 100.000.000 untuk membuka cabang baru dengan imbal hasil 20% dari laba bersih kepada investor.,573,0,Bisnis Prof,13,07-Jan-24,https://cdn.slidesharecdn.com/ss_thumbnails/contohproposalbisnisplanmakanan-240107130119-60f7e8cc-thumbnail.jpg?width=640&height=640&fit=bounds,https://www.slideshare.net/slideshow/embed_code/key/i9UQClNuW4FNId
75595497,contoh Proposal kegiatan sekolah,"Proposal ini menjelaskan kegiatan SDIT M Kids Award 2017 yang bertujuan untuk mengembangkan potensi peserta didik dalam nilai-nilai Islami dan memperkenalkan sekolah kepada masyarakat. Kegiatan ini meliputi hafalan surah pendek, doa sehari-hari, mewarnai, dan membaca puisi, serta bertujuan untuk membentuk generasi yang berakhlak mulia dan kompetitif. Pelaksanaan acara dijadwalkan pada 4 Februari 2017 di kompleks SDIT Muhammadiyah Gunter, Bandar Lampung.",3802,2,Fela Aziiza,7,02-May-17,https://cdn.slidesharecdn.com/ss_thumbnails/proposal-170502102030-thumbnail.jpg?width=640&height=640&fit=bounds,https://www.slideshare.net/slideshow/embed_code/key/2wHB3iJsBN2onI
272158811,contoh proposal penelitian ilmiah untuk mahasiswa/umum,"Dokumen ini adalah proposal penelitian yang menganalisis pengaruh nilai tukar rupiah dan suku bunga riil terhadap cadangan primer dan kredit nasabah di Bank Mandiri. Penelitian ini bertujuan untuk mengeksplorasi bagaimana perubahan inflasi dan kondisi ekonomi global berdampak pada sektor perbankan di Indonesia. Dengan menggunakan data sekunder dan analisis regresi, penelitian ini diharapkan dapat memberikan wawasan bagi pengambil keputusan di Bank Mandiri dan pihak terkait lainnya.",16,0,edysuchmawan,9,03-Oct-24,https://cdn.slidesharecdn.com/ss_thumbnails/contohproposalpenelitianilmiah-241003042617-ce3e83a9-thumbnail.jpg?width=640&height=640&fit=bounds,https://www.slideshare.net/slideshow/embed_code/key/lSxYVceFcfXWK4
251335745,Contoh Proposal Usaha Teknologi Comedutec,"Comedutec.net adalah penyedia layanan web hosting di Indonesia yang menawarkan berbagai produk edukasi, termasuk pengembangan website, radio online, multimedia center, dan pelatihan pendidikan. Pada tahun 2011, jumlah pengguna internet di Indonesia mencapai 55 juta, dengan banyak yang aktif di media sosial. Pertumbuhan pengguna internet global didorong oleh perkembangan teknologi gadget dan nirkabel, yang mencatat peningkatan 7% dalam satu dasawarsa.",122,0,Dedi Mukhlas,11,12-Mar-22,https://cdn.slidesharecdn.com/ss_thumbnails/contohproposalusahateknologicomedutec-220312150742-thumbnail.jpg?width=640&height=640&fit=bounds,https://www.slideshare.net/slideshow/embed_code/key/mVtSmqd226MwNK
147760397,Contoh Proposal Pembangunan,"Ringkasan dokumen tersebut adalah:
Proposal pembangunan lantai satu Madrasah Miftahul Hudalinnas untuk menambah ruang belajar bagi santri dan santriwati dengan luas 125 meter persegi dan membutuhkan dana sebesar Rp78.425.000",9134,,DanuSetiawan5,10,27-May-19,https://cdn.slidesharecdn.com/ss_thumbnails/proposaltugas-190527132715-thumbnail.jpg?width=640&height=640&fit=bounds,https://www.slideshare.net/slideshow/embed_code/key/7jLvRW6FZGkj4y
44638693,Contoh proposal,"Ringkasan dokumen tersebut adalah:
1. Penelitian ini bertujuan untuk meningkatkan prestasi belajar sosiologi siswa kelas XI SMA Negeri 3 Boyolali dengan menerapkan model pembelajaran kooperatif tipe Teams Games Tournament (TGT).
2. Hasil penelitian menunjukkan bahwa penerapan model TGT meningkatkan prestasi belajar siswa, dengan peningkatan rata-rata nilai dari 34,49% menjadi 86,20%. 
3",1447,,ishakaxly,12,13-Feb-15,https://cdn.slidesharecdn.com/ss_thumbnails/contohproposal-150213062338-conversion-gate02-thumbnail.jpg?width=640&height=640&fit=bounds,https://www.slideshare.net/slideshow/embed_code/key/MnSEX23UAp6Jwu
39685637,Contoh Slide Presentasi Proposal Penelitian yang Bagus,"Ringkasan dokumen tersebut adalah:
1) Penelitian ini bertujuan untuk mengetahui pengaruh manajemen modal kerja dan leverage terhadap nilai perusahaan secara langsung maupun tidak langsung melalui profitabilitas.
2) Variabel penelitian terdiri dari manajemen modal kerja, leverage, profitabilitas, dan nilai perusahaan. Analisis data menggunakan analisis jalur untuk menguji hubungan antar variabel.
3) Sampel penelitian",798957,141,Trisnadi Wijaya,22,30-Sep-14,https://cdn.slidesharecdn.com/ss_thumbnails/seminarproposaltesistrisnadiw-140930002153-phpapp01-thumbnail.jpg?width=640&height=640&fit=bounds,https://www.slideshare.net/slideshow/embed_code/key/kkxzu8svlJqtYw
272685756,CONTOH PRESENTASI PROPOSAL KOMIK PAK DONY.pptx,"Proposal ini mengusulkan pembuatan komik tentang Dony Ahmad Munir, Bupati Sumedang, untuk mengabadikan prestasi dan perjalanan kepemimpinannya dari 2018 hingga 2023. Komik ini bertujuan menyampaikan pesan keteladanan kepada generasi muda sebagai media komunikasi yang efektif dan menyenangkan. Anggaran total untuk produksi komik ini diperkirakan sebesar Rp 69,350,000.",32,0,bitboxprint,9,24-Oct-24,https://cdn.slidesharecdn.com/ss_thumbnails/proposalkomikpakdony-241024064205-a75b96ab-thumbnail.jpg?width=640&height=640&fit=bounds,https://www.slideshare.net/slideshow/embed_code/key/rQ1HtmmS3UJo1O
252013058,contoh proposal penambahan kelas baru.pdf,"Dokumen ini adalah proposal pembangunan ruang kelas baru untuk Madrasah Tsanawiyah Nurul Hidayah Kandangpalon, yang memohon bantuan dana sebesar Rp. 300.000.000 dari pemerintah Provinsi Banten. Tujuan dari proposal ini adalah untuk meningkatkan akses pendidikan dan memenuhi standar sarana prasarana pendidikan di madrasah sebagai respon terhadap meningkatnya animo masyarakat terhadap pendidikan. Diharapkan bantuan ini dapat mendukung pembangunan yang efektif dan memberikan rasa aman serta nyaman bagi siswa dalam proses belajar mengajar.",806,0,GriyaSyifaHolistik,39,18-Jun-22,https://cdn.slidesharecdn.com/ss_thumbnails/contohproposalpenambahankelasbaru-220618155024-3dc2063f-thumbnail.jpg?width=640&height=640&fit=bounds,https://www.slideshare.net/slideshow/embed_code/key/BecXUGRM8b3Cwx
89452548,Contoh Presentasii Proposal,"D'JR Resort merupakan resort bintang lima yang akan dibangun di atas danau dengan luas tanah 2 hektar di Banyuwangi. Resort ini akan memiliki 10 cottage modern dan tradisional, serta berbagai fasilitas seperti spa, kolam renang, karaoke, dan restoran. Total biaya yang dibutuhkan adalah Rp4,6 miliar yang berasal dari modal sendiri, investor, dan kredit bank. Resort ini diharapkan mampu menarik wisatawan lokal",183,0,Ika Rahma,9,03-Mar-18,https://cdn.slidesharecdn.com/ss_thumbnails/proposal1-180303073449-thumbnail.jpg?width=640&height=640&fit=bounds,https://www.slideshare.net/slideshow/embed_code/key/z2wudgZ0EY1cXm
41991312,Contoh Proposal usaha,"Dokumen ini menjelaskan rencana usaha 'Nasi Goreng Sempurna' yang bertujuan menyediakan makanan bergizi terjangkau bagi semua kalangan, serta mengembangkan kemandirian dan peluang bisnis. Usaha ini akan dimulai pada 1 Januari 2015, dengan struktur organisasi dan rincian modal serta proyeksi keuntungan. Selain menawarkan produk berkualitas, perusahaan memiliki visi untuk memberikan manfaat seluas-luasnya kepada masyarakat.",879,2,Agus Setiawan,15,25-Nov-14,https://cdn.slidesharecdn.com/ss_thumbnails/proposalusahanasigoreng-141125033649-conversion-gate02-thumbnail.jpg?width=640&height=640&fit=bounds,https://www.slideshare.net/slideshow/embed_code/key/mHj8T2yZqhQhYb
7735963,Contoh proposal osis,"Proposal ini mengajukan kegiatan Class Meeting dengan tema ""Back To The Old Future"" yang akan diselenggarakan oleh OSIS MTsN Malang 1. Kegiatan ini bertujuan untuk memperkuat komitmen belajar siswa dan menciptakan generasi yang berbakat, berani berfikir maju dan bermoral. Terdiri dari lomba sepak bola, tenis meja, bulu tangkis, menghias kelas, dan pentas seni yang akan diselenggarakan pada 20-22 De",51575,9,andikbambang,10,26-Apr-11,https://cdn.slidesharecdn.com/ss_thumbnails/contohproposalosis-110426040050-phpapp02-thumbnail.jpg?width=640&height=640&fit=bounds,https://www.slideshare.net/slideshow/embed_code/key/eoco28DmvyAl7s
37508531,Contoh proposal pkt c,"Proposal ini meminta dana hibah untuk penyelenggaraan paket C setara SMA di PKBM Luhur Pekerti. Tujuannya adalah untuk memberikan pendidikan kepada masyarakat yang tidak dapat bersekolah di sekolah formal agar dapat menyelesaikan pendidikan dasar 12 tahun dan meningkatkan kualitas SDM. Kegiatannya meliputi proses belajar mengajar, pelaporan, dan diharapkan dapat meningkatkan IPM serta RTSL di kab",9040,8,MULTI FOCUS VIDEO SHOOTING,19,30-Jul-14,https://cdn.slidesharecdn.com/ss_thumbnails/contohproposalpktc-140730132315-phpapp01-thumbnail.jpg?width=640&height=640&fit=bounds,https://www.slideshare.net/slideshow/embed_code/key/FOr0DRXpe1d175
46527022,contoh proposal meubiler,"SD Negeri Cihideung Ilir 01 mengajukan proposal bantuan untuk pengadaan meja, kursi, dan peralatan sekolah lainnya akibat kurangnya sarana pembelajaran yang mendukung proses belajar mengajar. Melalui permohonan ini, diharapkan dapat meningkatkan mutu pendidikan dan menciptakan suasana belajar yang kondusif bagi siswa. Proposal ini mencantumkan anggaran total sebesar Rp 104.500.000 untuk pengadaan alat-alat tersebut.",16651,6,Farha Purple,17,01-Apr-15,https://cdn.slidesharecdn.com/ss_thumbnails/187196851-proposal-mebeler-150401031618-conversion-gate01-thumbnail.jpg?width=640&height=640&fit=bounds,https://www.slideshare.net/slideshow/embed_code/key/6K356gEXRI4Jyp
47356684,Contoh Proposal Web Design,"Dokumen ini menjelaskan layanan pemasaran online yang ditawarkan oleh fajarpagi, termasuk desain grafis, pengembangan web, dan optimasi SEO. Dengan meningkatnya pengguna internet di Indonesia, bisnis perlu memiliki website untuk meningkatkan visibilitas dan biaya promosi yang lebih efisien. Fajarpagi juga menawarkan dukungan pasca peluncuran dan layanan keamanan web dengan garansi satu tahun pada semua jasa dan produk yang disediakan.",3128,,Jarvis AI,3,24-Apr-15,https://cdn.slidesharecdn.com/ss_thumbnails/webproposalfajar-150423220252-conversion-gate02-thumbnail.jpg?width=640&height=640&fit=bounds,https://www.slideshare.net/slideshow/embed_code/key/h9SEzxaGOfHogd
250881055,Contoh proposal sarana_prasarana_proposa,"Dokumen ini adalah proposal dari SMP Negeri 2 Perajin yang mengajukan bantuan untuk pengadaan sarana perpustakaan dan perlengkapannya demi peningkatan mutu pendidikan. Penjelasan mengenai kebutuhan akan perpustakaan sekaligus harapan untuk mendukung proses belajar mengajar serta kebutuhan anggaran untuk pembangunan yang diperlukan juga disampaikan. Selain itu, proposal ini mencakup rencana program, visi, misi, serta profil sekolah untuk memberikan gambaran yang komprehensif tentang kondisi dan tujuan sekolah.",400,0,RizkyMulyaPratama1,16,22-Dec-21,https://cdn.slidesharecdn.com/ss_thumbnails/contohproposalsaranaprasaranaproposa-211222022238-thumbnail.jpg?width=640&height=640&fit=bounds,https://www.slideshare.net/slideshow/embed_code/key/D9cD5c0PUgUqFg
265523860,Contoh Power Point Presentasi Seminar Proposal Skripsi.pptx,Contoh presentasi proposal skripsi,4664,0,AltiQuery,20,18-Jan-24,https://cdn.slidesharecdn.com/ss_thumbnails/seminarproposalskripsi-240118113211-1dd4c24e-thumbnail.jpg?width=640&height=640&fit=bounds,https://www.slideshare.net/slideshow/embed_code/key/GOg3Bp7VOXzoc0
84131250,Contoh proposal seni,Permohonan bantuan pengadaan peralatan musik oleh SMA Negeri 1 Tamalatea untuk menunjang proses pembelajaran dan mengembangkan bakat siswa dalam bidang musik.,1836,,Alfa Centaury,7,15-Dec-17,https://cdn.slidesharecdn.com/ss_thumbnails/contohproposalseni-171215044818-thumbnail.jpg?width=640&height=640&fit=bounds,https://www.slideshare.net/slideshow/embed_code/key/rEl2RBEXBacg0q
277974337,SLIDE PPT KARIN CONTOH PROPOSAL TESIS.pptx,CONTOH PROPOSAL TESIS,9,0,MFidorayuciWahalindr,11,15-Apr-25,https://cdn.slidesharecdn.com/ss_thumbnails/pptkarinproposaltesis-250415144724-d62d6a73-thumbnail.jpg?width=640&height=640&fit=bounds,https://www.slideshare.net/slideshow/embed_code/key/LOg6Dd0GTpNvDC
28954260,Contoh Proposal Sederhana,"Proposal kegiatan class meeting di SMP Negeri 3 Malang tahun 2012 bertujuan untuk memberikan kesempatan kepada siswa menunjukkan kemampuan olahraga serta sebagai sarana penyegaran setelah UAS. Kegiatan ini melibatkan seluruh siswa dari kelas VII hingga IX, dan akan berlangsung dari 17 hingga 20 Desember 2012. Beberapa jenis lomba yang akan diselenggarakan meliputi basket, voli, futsal, catur, dan badminton.",70940,6,Prinscha Bella,5,06-Dec-13,https://cdn.slidesharecdn.com/ss_thumbnails/proposalclassmeeting-131206015901-phpapp02-thumbnail.jpg?width=640&height=640&fit=bounds,https://www.slideshare.net/slideshow/embed_code/key/egmTUXSGVxrl9j
26193338,Contoh Proposal Bakti Sosial,"Proposal ini menggambarkan kegiatan bakti sosial yang diselenggarakan oleh SMAN 2 Lumajang dalam rangka memperingati HUT ke-36 sekolah, bertujuan untuk membantu siswa kurang beruntung dan meningkatkan kesadaran sosial. Kegiatan tersebut mencakup pemberian bantuan sarana pendidikan dan motivasi bagi siswa-siswi di sekolah satu atap di Desa Tumpeng, Kecamatan Tempeh. Dana untuk kegiatan ini berasal dari sumbangan sukarela dan bantuan sekolah, dengan alokasi untuk seragam dan perlengkapan belajar.",121780,17,Iswi Haniffah,8,14-Sep-13,https://cdn.slidesharecdn.com/ss_thumbnails/proposalbinbaksos-130914094120-phpapp02-thumbnail.jpg?width=640&height=640&fit=bounds,https://www.slideshare.net/slideshow/embed_code/key/3eZPg8EqvhH3Lh
51406711,Contoh proposal,"Kajian ini bertujuan meningkatkan kemahiran menulis karangan 10 murid tahun 6 melalui kaedah salin, hafal dan ulang. Murid-murid ini memperoleh markah rendah dalam peperiksaan kerana kurang mahir mengolah dan menghuraikan isi karangan. Kajian akan membandingkan kesan kaedah ini terhadap kumpulan rawatan berbanding kumpulan kawalan yang mengikuti pengajaran biasa selama 8 minggu. Data akan dikumpul",41146,7,Muhd ASRUL,38,08-Aug-15,https://cdn.slidesharecdn.com/ss_thumbnails/contohproposal-150808054833-lva1-app6891-thumbnail.jpg?width=640&height=640&fit=bounds,https://www.slideshare.net/slideshow/embed_code/key/lWFGqGwtjB10Zo
57483854,Contoh presentasi proposal skripsi,"Dokumen ini adalah studi kelayakan bisnis tentang potensi pendirian BMT di Kecamatan Tellulimpoe, Kab. Sinjai, Sulawesi Selatan, dengan data populasi 43.842 orang. Penelitian ini mencakup analisis sejarah perkembangan BMT, fungsi dan prinsip operasionalnya, serta metodologi pengumpulan data yang melibatkan data primer dan sekunder. Hasil analisis diharapkan dapat memberikan panduan untuk keputusan pendirian BMT di daerah tersebut.",2782,13,Yusuf Darismah,18,26-Jan-16,https://cdn.slidesharecdn.com/ss_thumbnails/contohpresentasiproposalskripsi-160125225342-thumbnail.jpg?width=640&height=640&fit=bounds,https://www.slideshare.net/slideshow/embed_code/key/pl0R6B4MOhELS4
270282726,CONTOH PRESENTASI PROPOSAL KuaNTITATIF.ppt,"Penelitian ini mengeksplorasi hubungan antara kepribadian guru PAI dalam proses belajar mengajar dan motivasi belajar siswa di SMA se-Kabupaten Gresik. Ditemukan bahwa perilaku guru yang kurang mendukung dapat menurunkan motivasi siswa, sementara sikap dan kepribadian guru yang sesuai dengan harapan siswa dapat meningkatkan keinginan mereka untuk belajar. Penelitian ini diharapkan dapat memberikan kontribusi dalam pengembangan pendidikan dan profesionalisme guru.",9,0,MuhammadMahfud24,27,17-Jul-24,https://cdn.slidesharecdn.com/ss_thumbnails/slideproposalkuantitatif-240716215119-3a3a72ab-thumbnail.jpg?width=640&height=640&fit=bounds,https://www.slideshare.net/slideshow/embed_code/key/zRR7ojGPJuBtPr
55843424,Contoh proposal event organizer,"Ringkasan dokumen tersebut adalah sebagai berikut:
1. OSIS SMA Negeri 4 Bukittinggi akan mengadakan Pentas Seni (PENSI) untuk siswa kelas XII dalam rangka perpisahan dan hiburan, mencakup pentas drama, dance modern, dan kontes band.
2. Acara akan diselenggarakan pada 23 September 2012 di Gedung JSN 45 dan bertujuan untuk mempererat silaturahmi siswa serta meningkatkan kreativitas dan semangat mere",20347,2,meliniastri,8,05-Dec-15,https://cdn.slidesharecdn.com/ss_thumbnails/contohproposaleventorganizer-151205074226-lva1-app6891-thumbnail.jpg?width=640&height=640&fit=bounds,https://www.slideshare.net/slideshow/embed_code/key/wdaAyhZmJ2xcVI
23246970,Contoh proposal PKM-P,"Dokumen ini merupakan usulan penelitian tentang studi kelayakan metode friction stir welding (fsw) sebagai alternatif pengelasan aluminium aa 1100 untuk memperoleh sifat mekanis lasan yang optimal. Penelitian bertujuan untuk mengevaluasi dampak parameter pengelasan terhadap kualitas sambungan dan diharapkan menghasilkan artikel ilmiah serta peningkatan sifat mekanik yang relevan untuk industri. Proyek ini melibatkan tim mahasiswa dari Universitas Jember dengan dana total Rp. 9.640.000,- dan rencana pelaksanaan selama 5 bulan.",35069,13,Mahros Darsin,15,20-Jun-13,https://cdn.slidesharecdn.com/ss_thumbnails/pkmp-fsw-130620100959-phpapp02-thumbnail.jpg?width=640&height=640&fit=bounds,https://www.slideshare.net/slideshow/embed_code/key/9mkP0iv0kOJwbB
60921343,Contoh Proposal usaha fashion,Contoh Proposal usaha fashion,63209,15,Manchester United,8,14-Apr-16,https://cdn.slidesharecdn.com/ss_thumbnails/proposalusahafashion-160414160337-thumbnail.jpg?width=640&height=640&fit=bounds,https://www.slideshare.net/slideshow/embed_code/key/Nf18srpY7Qnjs9
58634004,Contoh proposal skripsi,"Analisis strategi Koperasi KSU Bina Usaha Sejahtera dalam menekan tingkat Non Performing Financing (NPF). Koperasi ini didirikan pada 2006 di Depok dan berfokus pada pembiayaan UMKM. Penelitian ini akan menganalisis strategi koperasi dalam menekan pembiayaan bermasalah melalui analisis karakter, kapasitas, modal, kondisi, dan jaminan calon debitur.",2585,6,Yusuf Darismah,21,24-Feb-16,https://cdn.slidesharecdn.com/ss_thumbnails/contohproposalskripsi-160223233303-thumbnail.jpg?width=640&height=640&fit=bounds,https://www.slideshare.net/slideshow/embed_code/key/3uPd2A92z1wM5
38868858,Contoh proposal pameran pkg,"Dokumen ini menjelaskan perencanaan pelaksanaan pameran tentang pentingnya sarapan pagi bagi masyarakat, khususnya anak sekolah. Pameran akan berlangsung di auditorium Poltekkes Kemenkes Padang dan bertujuan untuk memberikan informasi serta edukasi mengenai manfaat sarapan pagi. Terdapat berbagai materi pameran berupa poster, buletin board, dan contoh makanan sehat yang disajikan.",6570,2,Haghia Sophia,4,09-Sep-14,https://cdn.slidesharecdn.com/ss_thumbnails/contohproposalpameran-140909071807-phpapp02-thumbnail.jpg?width=640&height=640&fit=bounds,https://www.slideshare.net/slideshow/embed_code/key/jYQmIHMuOujSoV
257946570,contoh proposal ixxx.pptx,"Dokumen tersebut merangkum hasil studi kelayakan investasi proyek pembangunan perumahan di Kabupaten Bekasi. Studi ini menganalisis aspek finansial proyek pembangunan perumahan Royale Residence 2 dengan menghitung biaya investasi, pendapatan, dan kelayakan proyek berdasarkan nilai NPV. Hasil studi menunjukkan bahwa proyek ini layak untuk dilaksanakan dengan NPV positif.",131,0,avoosaraid,17,22-May-23,https://cdn.slidesharecdn.com/ss_thumbnails/contohproposalixxx-230522005659-5e638826-thumbnail.jpg?width=640&height=640&fit=bounds,https://www.slideshare.net/slideshow/embed_code/key/yJuYcwW6oTsbdv
193853756,Contoh proposal penelitian,"Penelitian ini mengkaji hubungan antara pengetahuan dan sikap ibu dengan pemberian ASI eksklusif di Kelurahan Gunungpati, Semarang, pada tahun 2009. Hasil penelitian menunjukkan adanya hubungan signifikan antara pengetahuan ibu (p=0,028) dan sikap ibu (p=0,004) dengan pemberian ASI eksklusif. Penelitian ini menyarankan perlunya peningkatan penyuluhan kepada ibu-ibu untuk mendorong pemberian ASI eksklusif.",496,,EkaRiaRahmawati,116,15-Nov-19,https://cdn.slidesharecdn.com/ss_thumbnails/contohproposalpenelitian-191115054809-thumbnail.jpg?width=640&height=640&fit=bounds,https://www.slideshare.net/slideshow/embed_code/key/7hB92Ue04ZYqwv
34294101,Contoh Proposal Tugas Bahasa Indonesia,"Proposal ini merencanakan kegiatan Lomba Bahasa dan Sastra Indonesia di SMK Negeri 43 Jakarta pada November 2013 untuk memperingati Bulan Bahasa. Kegiatannya mencakup lomba menulis, membaca puisi, debat, dan pidato yang bertujuan meningkatkan pengetahuan siswa tentang bahasa Indonesia dan budaya. Acara akan didanai sepenuhnya oleh sekolah dengan anggaran Rp2,6 juta.",49146,9,Lia Oktafiani,6,05-May-14,https://cdn.slidesharecdn.com/ss_thumbnails/tugasbahasaindonesia-140505101356-phpapp02-thumbnail.jpg?width=640&height=640&fit=bounds,https://www.slideshare.net/slideshow/embed_code/key/bwkRlDFdXvOmpi
181908837,Contoh Proposal Pengajuan Meubelair Sekolah Dasar,"Proposal ini meminta persetujuan untuk pengadaan meubelair sekolah dasar oleh PT Pilar Mas Jaya untuk mendukung proses pembelajaran yang efektif. Tujuannya adalah menciptakan sarana belajar yang memadai untuk siswa dan guru serta meningkatkan mutu pendidikan. Jika disetujui, pengadaan meja dan kursi belajar akan mendukung terciptanya suasana pembelajaran yang kondusif.",10576,3,AmandaYella,10,14-Oct-19,https://cdn.slidesharecdn.com/ss_thumbnails/8-191014084442-thumbnail.jpg?width=640&height=640&fit=bounds,https://www.slideshare.net/slideshow/embed_code/key/u9JIo6lQ09lwVo
64519131,Contoh Ppt Seminar Proposal,Contoh Power Point Seminar proposal TGA,162227,70,Agung Agung,13,29-Jul-16,https://cdn.slidesharecdn.com/ss_thumbnails/pptseminar-160729162428-thumbnail.jpg?width=640&height=640&fit=bounds,https://www.slideshare.net/slideshow/embed_code/key/bqZ1ca6SHYUlVT
37975057,Contoh proposal kegiatan gabrielle,"Proposal ini merencanakan reuni untuk alumni kelas akselerasi SMAN 1 Boyolangu angkatan pertama hingga keempat untuk bernostalgia, menjalin persaudaraan kembali, dan memberi motivasi serta saran kepada siswa akselerasi angkatan keempat. Kegiatan akan diselenggarakan pada 7 September 2014 dengan mengumpulkan dana dari iuran alumni dan sponsor.",1302,,linkherz,19,14-Aug-14,https://cdn.slidesharecdn.com/ss_thumbnails/contohproposalkegiatangabrielle-140813213732-phpapp02-thumbnail.jpg?width=640&height=640&fit=bounds,https://www.slideshare.net/slideshow/embed_code/key/hh6d8ovoxAd94E
39058252,Contoh Proposal Kegiatan Pentas Seni,"Proposal kegiatan pentas seni di SMA Negeri 5 Palembang bertujuan untuk melestarikan kebudayaan dan kesenian Indonesia serta mengembangkan minat dan bakat siswa. Kegiatan ini akan melibatkan 1.000 pelajar dari 21 SMA dan 6 SMK di Palembang dan dilaksanakan pada 31 Maret 2014. Dengan tema 'Our Creativity is Our Tradition', diharapkan kegiatan ini dapat menumbuhkan kesadaran akan pentingnya kesenian Indonesia.",42590,5,Fairuz Hilwa,10,14-Sep-14,https://cdn.slidesharecdn.com/ss_thumbnails/proposal-140913230727-phpapp02-thumbnail.jpg?width=640&height=640&fit=bounds,https://www.slideshare.net/slideshow/embed_code/key/1I7W5tYbtkDl5K
270935292,contoh ppt seminar proposal 02 penelitian.pptx,"Dokumen ini membahas penerapan CRM berbasis sistem informasi web di PT Primarindo Asia Infrastructure Tbk untuk meningkatkan kepuasan konsumen di tengah persaingan bisnis yang ketat dan dampak pandemi COVID-19. Strategi yang diterapkan meliputi pendaftaran pelanggan, pengelolaan profil, dan layanan terbaik untuk membangun loyalitas. Kesimpulannya, penerapan CRM bertujuan untuk meningkatkan pelayanan dengan melibatkan seluruh karyawan dan memperbaiki kualitas website agar konsumen semakin puas.",29,0,MuhammadMukhsin6,11,12-Aug-24,https://cdn.slidesharecdn.com/ss_thumbnails/contohpptseminarproposal02-240812030841-deee4ab1-thumbnail.jpg?width=640&height=640&fit=bounds,https://www.slideshare.net/slideshow/embed_code/key/1ACTIU1V8bUbqR
